id,Ì‡Á‚‡ÌËÂ,ˆÂÌ‡,·ÂÌ‰,ÔÓ‰‡Ê,ÂÈÚËÌ„,‚ Ì‡ÎË˜ËË
65911002,–†–æ—É—Ç–µ—Ä—ã TL-WR840N,1341.0,TP-Link,0,5,46
65907516,–†–æ—É—Ç–µ—Ä—ã ARCHER C64,3022.0,TP-Link,0,5,55
64894071,–£—Å–∏–ª–∏—Ç–µ–ª—å —Å–∏–≥–Ω–∞–ª–∞ TL-WA855RE,1726.0,TP-Link,23,5,16
159123830,–†–æ—É—Ç–µ—Ä wi-fi TL-WR840N –º–∞—Ä—à—Ä—É—Ç–∏–∑–∞—Ç–æ—Ä —Ç–æ—á–∫–∞ –¥–æ—Å—Ç—É–ø–∞ –º–æ–¥–µ–º,1319.0,TP-Link,50,5,44
123428124,Wi-Fi —Ä–æ—É—Ç–µ—Ä Archer C80 AC1900,4085.0,TP-Link,35,5,60
148352173,"Wi-Fi —Ä–æ—É—Ç–µ—Ä Archer C6, AC1300, —á–µ—Ä–Ω—ã–π",3553.0,TP-Link,46,5,65
89126672,–ë–µ—Å–ø—Ä–æ–≤–æ–¥–Ω–æ–π –º–∞—Ä—à—Ä—É—Ç–∏–∑–∞—Ç–æ—Ä Archer C6 AC1200,3760.0,TP-Link,20,5,76
79745232,"Wi-Fi —Ä–æ—É—Ç–µ—Ä Archer AX53, AX3000",6830.0,TP-Link,0,5,28
110719703,–ö–∞–º–µ—Ä–∞ –≤–∏–¥–µ–æ–Ω–∞–±–ª—é–¥–µ–Ω–∏—è Tapo C310,5520.0,TP-Link,0,5,107
96337463,"–†–æ—É—Ç–µ—Ä –±–µ—Å—à–æ–≤–Ω—ã–π Mesh Deco E4, AC1200",9000.0,TP-Link,0,5,137
66626853,"–ö–∞–º–µ—Ä–∞ –≤–∏–¥–µ–æ–Ω–∞–±–ª—é–¥–µ–Ω–∏—è Tapo C110, –±–µ–ª—ã–π",3420.0,TP-Link,0,5,18
161375094,–ë–µ—Å—à–æ–≤–Ω—ã–π Mesh Deco M4 (3PACK),14700.0,TP-Link,0,0,134
110708412,–ö–∞–º–µ—Ä–∞ –≤–∏–¥–µ–æ–Ω–∞–±–ª—é–¥–µ–Ω–∏—è IP-–∫–∞–º–µ—Ä–∞ Tapo TC70,4040.0,TP-Link,0,5,13
159986303,"Wi-Fi –º–∞—Ä—à—Ä—É—Ç–∏–∑–∞—Ç–æ—Ä ARCHER C6U, —á–µ—Ä–Ω—ã–π",4368.0,TP-Link,30,0,76
50295528,–í–∏–¥–µ–æ–∫–∞–º–µ—Ä–∞ TAPO C200,3487.0,TP-Link,0,5,41
80995287,–°–µ—Ç–µ–≤–æ–π –∞–¥–∞–ø—Ç–µ—Ä WiFi TL-WN725N N150 USB 2.0,710.0,TP-Link,26,5,1
97109000,–ë–µ—Å—à–æ–≤–Ω—ã–π Mesh Deco M4 (3PACK),15000.0,TP-Link,0,0,118
66659373,"–£–º–Ω–∞—è —Ä–æ–∑–µ—Ç–∫–∞ Tapo P110, —Ü–≤–µ—Ç –±–µ–ª—ã–π",1750.0,TP-Link,0,5,5
124096851,–£–º–Ω–∞—è –∫–∞–º–µ—Ä–∞ Tapo –°200 White,2890.0,TP-Link,0,5,3
78788546,–ú–µ–¥–∏–∞–∫–æ–Ω–≤–µ—Ä—Ç–µ—Ä MC112CS,4953.0,TP-Link,0,0,32
85485302,–ú–∞—Ä—à—Ä—É—Ç–∏–∑–∞—Ç–æ—Ä TL-WR840N –†–æ—É—Ç–µ—Ä,2190.0,TP-Link,0,5,49
97109612,–†–æ—É—Ç–µ—Ä—ã Deco M4(2-PACK) AC1200 1,13000.0,TP-Link,0,0,92
112550448,–†–æ—É—Ç–µ—Ä –î–≤—É—Ö–¥–∏–∞–ø–∞–∑–æ–Ω–Ω—ã–π –≥–∏–≥–∞–±–∏—Ç–Ω—ã–π AX3000,7260.0,TP-Link,0,5,66
72833956,–°–µ—Ç–µ–≤–æ–π –∞–¥–∞–ø—Ç–µ—Ä Bluetooth UB400,1200.0,TP-Link,0,5,1
63103876,Wi-Fi —Ä–æ—É—Ç–µ—Ä –±–µ–ª—ã–π (TL-WR820N),1740.0,TP-Link,0,4,30
64733810,–ú–∞—Ä—à—Ä—É—Ç–∏–∑–∞—Ç–æ—Ä –±–µ—Å–ø—Ä–æ–≤–æ–¥–Ω–æ–π TL-WR840N,1771.0,TP-Link,18,4,60
136836294,Wi-Fi —Ç–æ—á–∫–∞ –¥–æ—Å—Ç—É–ø–∞ EAP110-Outdoor,6144.0,TP-Link,0,0,7
111590415,–£–º–Ω–∞—è –ª–∞–º–ø–æ—á–∫–∞ Tapo L510E E27,809.0,TP-Link,0,0,6
148375238,Wi-Fi —Ä–æ—É—Ç–µ—Ä Archer C80 AC1900,4700.0,TP-Link,0,0,67
89146959,Wi-Fi –∞–¥–∞–ø—Ç–µ—Ä UB4A Bluetooth 4.0,993.0,TP-Link,18,0,4
131076148,–ö–∞–º–µ—Ä–∞ –≤–∏–¥–µ–æ–Ω–∞–±–ª—é–¥–µ–Ω–∏—è IP Tapo C100,2710.0,TP-Link,35,5,19
74499957,"–ú–æ–¥–µ–º M7000 2G 3G 4G, –≤–Ω–µ—à–Ω–∏–π, —á–µ—Ä–Ω—ã–π",5224.0,TP-Link,0,5,8
66655518,–£–º–Ω–∞—è –º–Ω–æ–≥–æ—Ü–≤–µ—Ç–Ω–∞—è —Å–≤–µ—Ç–æ–¥–∏–æ–¥–Ω–∞—è Wi‚ÄëFi –ª–µ–Ω—Ç–∞,8000.0,TP-Link,0,0,40
85945476,–†–µ–≥–∏—Å—Ç—Ä–∞—Ç–æ—Ä VIGI NVR1016H,19206.0,TP-Link,0,0,57
151724192,Wi-Fi –∞–¥–∞–ø—Ç–µ—Ä TL-WN722N,1240.0,TP-Link,0,0,1
110407210,"–ë–µ—Å—à–æ–≤–Ω—ã–π Mesh —Ä–æ—É—Ç–µ—Ä DECO P9(2-PACK), AC1200, –±–µ–ª—ã–π, 2 —à—Ç‚Ä¶",17710.0,TP-Link,0,0,35
16698422,–°–µ—Ç–µ–≤–æ–π –∞–¥–∞–ø—Ç–µ—Ä WiFi TLWN781ND,1780.0,TP-Link,0,0,48
133533444,–ë–µ—Å—à–æ–≤–Ω—ã–π Mesh —Ä–æ—É—Ç–µ—Ä DECO X20 (3-PACK) AX1800,29340.0,TP-Link,25,0,138
131011764,"–¢–æ—á–∫–∞ –¥–æ—Å—Ç—É–ø–∞ EAP610, –±–µ–ª—ã–π",19600.0,TP-Link,38,0,72
159986311,"Mesh Wi‚ÄëFi —Å–∏—Å—Ç–µ–º–∞ DECO M4(3-PACK), –±–µ–ª—ã–π",16190.0,TP-Link,30,0,138
159986307,"Mesh Wi‚ÄëFi —Å–∏—Å—Ç–µ–º–∞ DECO M5(2-PACK), –±–µ–ª—ã–π",13568.0,TP-Link,30,0,69
161367523,MESH —Å–∏—Å—Ç–µ–º–∞ DECO E4 (3-PACK),13000.0,TP-Link,0,0,134
161389934,–†–æ—É—Ç–µ—Ä—ã Deco M4(2-PACK) AC1200,12000.0,TP-Link,0,0,98
159986305,"Mesh Wi‚ÄëFi —Å–∏—Å—Ç–µ–º–∞ DECO E4(3-PACK), –±–µ–ª—ã–π",11468.0,TP-Link,30,0,138
161385820,"–†–æ—É—Ç–µ—Ä –±–µ—Å—à–æ–≤–Ω—ã–π Mesh Deco E4, AC1200 (2PACK)",10000.0,TP-Link,0,0,98
133533434,–†–æ—É—Ç–µ—Ä –±–µ—Å–ø—Ä–æ–≤–æ–¥–Ω–æ–π Archer MR400,9970.0,TP-Link,22,0,50
151789810,–ú–æ–¥–µ–º —Ä–æ—É—Ç–µ—Ä wi-fi Archer VR300,9264.0,TP-Link,25,0,88
159986309,"Wi-Fi –º–∞—Ä—à—Ä—É—Ç–∏–∑–∞—Ç–æ—Ä MR400, —á–µ—Ä–Ω—ã–π",8390.0,TP-Link,30,0,589
159986304,"Wi-Fi –º–∞—Ä—à—Ä—É—Ç–∏–∑–∞—Ç–æ—Ä AX55, —á–µ—Ä–Ω—ã–π",8270.0,TP-Link,30,0,61
16698424,–¢–æ—á–∫–∞ –¥–æ—Å—Ç—É–ø–∞ EAP110,6741.0,TP-Link,0,0,48
147277623,–¢–æ—á–∫–∞ –¥–æ—Å—Ç—É–ø–∞ CPE605,5615.0,TP-Link,0,0,337
25927209,–ö–æ–º–º—É—Ç–∞—Ç–æ—Ä,4760.0,TP-Link,0,0,7
159986312,"Wi-Fi –º–∞—Ä—à—Ä—É—Ç–∏–∑–∞—Ç–æ—Ä ARCHER C80, —á–µ—Ä–Ω—ã–π",4197.0,TP-Link,30,0,76
90214505,Wi-Fi —Ç–æ—á–∫–∞ –¥–æ—Å—Ç—É–ø–∞ TD-W8961N,4000.0,TP-Link,60,0,35
160029853,Powerline –∞–¥–∞–ø—Ç–µ—Ä—ã,3510.0,TP-Link,0,0,27
161395514,Mercusys AC1200,2900.0,TP-Link,0,0,77
63103859,Wi-Fi —Ä–æ—É—Ç–µ—Ä –±–µ–ª—ã–π (TL-WR845N),2700.0,TP-Link,0,0,4
33149413,"Wi-Fi —Ä–æ—É—Ç–µ—Ä TL-MR3020, –±–µ–ª—ã–π",2581.0,TP-Link,0,0,13
133533401,–ü–æ—Ä—Ç-—Ä–µ–ø–ª–∏–∫–∞—Ç–æ—Ä UE300,1750.0,TP-Link,47,5,3
159986315,Wi-Fi –∞–¥–∞–ø—Ç–µ—Ä TL-WN821N,1565.0,TP-Link,30,0,787
159986313,"Wi-Fi –∞–¥–∞–ø—Ç–µ—Ä ARCHER T2U NANO, —á–µ—Ä–Ω—ã–π",1248.0,TP-Link,30,0,6
89126810,–ë–µ—Å–ø—Ä–æ–≤–æ–¥–Ω–æ–π –º–∞—Ä—à—Ä—É—Ç–∏–∑–∞—Ç–æ—Ä TL-WR845N N300,2179.0,TP-Link,20,5,36
89126737,–ë–µ—Å–ø—Ä–æ–≤–æ–¥–Ω–æ–π –º–∞—Ä—à—Ä—É—Ç–∏–∑–∞—Ç–æ—Ä TL-WR820N N300 –±–µ–ª—ã–π,1430.0,TP-Link,18,5,22
89148847,–°–µ—Ç–µ–≤–æ–π –∞–¥–∞–ø—Ç–µ—Ä WiFi + Bluetooth Archer T5E PCI Express,2906.0,TP-Link,27,5,15
95387592,Wi-Fi —Ä–µ–ø–∏—Ç–µ—Ä RE200,2640.0,TP-Link,12,0,16
89138003,–ú–∞—Ä—à—Ä—É—Ç–∏–∑–∞—Ç–æ—Ä –±–µ—Å–ø—Ä–æ–≤–æ–¥–Ω–æ–π Archer MR200 AC750 10 100BASE-TX‚Ä¶,7530.0,TP-Link,20,5,48
104554418,–ë–µ—Å–ø—Ä–æ–≤–æ–¥–Ω–æ–π —Ä–æ—É—Ç–µ—Ä Archer AX50,7600.0,TP-Link,5,0,63
110708411,–ö–∞–º–µ—Ä–∞ –≤–∏–¥–µ–æ–Ω–∞–±–ª—é–¥–µ–Ω–∏—è TAPO C200,3390.0,TP-Link,0,4,35
141379038,Archer MR400 AC1200 10 100BASE-TX 4G,10185.0,TP-Link,3,0,57
141378666,Wi-Fi —Ä–æ—É—Ç–µ—Ä —á–µ—Ä–Ω—ã–π (TL-MR6400),9312.0,TP-Link,3,0,57
141379085,Archer MR400 AC1200 10 100BASE-TX 4G,9450.0,TP-Link,0,0,57
141379075,Archer MR400 AC1200 10 100BASE-TX 4G,9100.0,TP-Link,0,0,57
141378624,Wi-Fi —Ä–æ—É—Ç–µ—Ä —á–µ—Ä–Ω—ã–π (TL-MR6400),9120.0,TP-Link,4,0,57
141378563,Wi-Fi —Ä–æ—É—Ç–µ—Ä —á–µ—Ä–Ω—ã–π (TL-MR6400),8250.0,TP-Link,0,0,57
162432373,–†–æ—É—Ç–µ—Ä –±–µ—Å–ø—Ä–æ–≤–æ–¥–Ω–æ–π TL-WR840N N300 10 100BASE-TX,3591.0,TP-Link,10,0,50
162432230,–†–æ—É—Ç–µ—Ä –±–µ—Å–ø—Ä–æ–≤–æ–¥–Ω–æ–π TD-W8961N N300 10 100BASE-TX ADSL,3591.0,TP-Link,10,0,50
162517829,–†–æ—É—Ç–µ—Ä –±–µ—Å–ø—Ä–æ–≤–æ–¥–Ω–æ–π TL-WR940N N450,3391.0,TP-Link,15,0,70
159422653,–†–æ—É—Ç–µ—Ä wi-fi –±–µ—Å–ø—Ä–æ–≤–æ–¥–Ω–æ–π TL-WR940N N450,2634.0,TP-Link,40,0,70
159398005,–†–æ—É—Ç–µ—Ä wi-fi –±–µ—Å–ø—Ä–æ–≤–æ–¥–Ω–æ–π TD-W8961N N300,2194.0,TP-Link,45,0,45
159400585,–†–æ—É—Ç–µ—Ä wi-fi –±–µ—Å–ø—Ä–æ–≤–æ–¥–Ω–æ–π TL-WR840N N300 10 100BASE-TX,1795.0,TP-Link,55,0,37
89146152,–†–æ—É—Ç–µ—Ä –¥–≤—É—Ö–¥–∏–∞–ø–∞–∑–æ–Ω–Ω—ã–π –±–µ—Å–ø—Ä–æ–≤–æ–¥–Ω–æ–π Archer C54,2843.0,TP-Link,16,5,39
89126262,–ë–µ—Å–ø—Ä–æ–≤–æ–¥–Ω–æ–π –º–∞—Ä—à—Ä—É—Ç–∏–∑–∞—Ç–æ—Ä Archer C50(RU) AC1200 10 100BASE-‚Ä¶,3101.0,TP-Link,25,4,43
64894070,–£—Å–∏–ª–∏—Ç–µ–ª—å TL-WA850RE N300,1863.0,TP-Link,25,5,16
89145607,–†–æ—É—Ç–µ—Ä –±–µ—Å–ø—Ä–æ–≤–æ–¥–Ω–æ–π TL-WR844N N300 10 100BASE-TX,1507.0,TP-Link,20,5,23
89149211,–°–µ—Ç–µ–≤–æ–π –∞–¥–∞–ø—Ç–µ—Ä WiFi + Bluetooth Archer TX50E AX3000 PCI Exp‚Ä¶,4790.0,TP-Link,28,5,15
63103868,Wi-Fi —Ä–æ—É—Ç–µ—Ä —á–µ—Ä–Ω—ã–π (TL-MR6400),8140.0,TP-Link,0,5,48
89146059,"–†–æ—É—Ç–µ—Ä –±–µ—Å–ø—Ä–æ–≤–æ–¥–Ω–æ–π Archer C24 AC750 2,4 5 –ì–ì—Ü",2372.0,TP-Link,23,4,46
64733819,–ú–∞—Ä—à—Ä—É—Ç–∏–∑–∞—Ç–æ—Ä –±–µ—Å–ø—Ä–æ–≤–æ–¥–Ω–æ–π TL-WR841N,1975.0,TP-Link,18,4,23
44614124,–ù–µ—É–ø—Ä–∞–≤–ª—è–µ–º—ã–π –∫–æ–º–º—É—Ç–∞—Ç–æ—Ä TL-SG108,2199.0,TP-Link,16,5,14
64736766,–ê–¥–∞–ø—Ç–µ—Ä USB TL-WN722N N150 ver 3.20,986.0,TP-Link,20,5,13
64734130,"–£—Å–∏–ª–∏—Ç–µ–ª—å TL-WA860RE,—á–∞—Å—Ç–æ—Ç–∞ 2.4 –ì–ì—Ü",2247.0,TP-Link,23,5,16
89145213,–†–æ—É—Ç–µ—Ä –±–µ—Å–ø—Ä–æ–≤–æ–¥–Ω–æ–π TL-MR100 N300 10 100BASE-TX 4G(3G) cat.4,5215.0,TP-Link,18,4,32
110005365,–°–µ—Ç–µ–≤–æ–π –∞–¥–∞–ø—Ç–µ—Ä –¥–≤—É—Ö–¥–∏–∞–ø–∞–∑–æ–Ω–Ω—ã–π WiFi Archer T3U Plus AC1300‚Ä¶,2384.0,TP-Link,21,5,15
63103863,"–†–æ—É—Ç–µ—Ä, ADSL2+ –±–µ–ª—ã–π (TD-W8961N)",2700.0,TP-Link,0,5,32
89140913,–ü–æ–≤—Ç–æ—Ä–∏—Ç–µ–ª—å –±–µ—Å–ø—Ä–æ–≤–æ–¥–Ω–æ–≥–æ —Å–∏–≥–Ω–∞–ª–∞ RE315 AC1200 10 100BASE-TX,3611.0,TP-Link,20,5,16
64893694,–ê–¥–∞–ø—Ç–µ—Ä USB TL-WN823N,916.0,TP-Link,18,5,6
110005456,–¢–æ—á–∫–∞ –¥–æ—Å—Ç—É–ø–∞ CPE510 N300 10 100BASE-TX –±–µ–ª—ã–π,4866.0,TP-Link,26,0,34
89138130,–ú–∞—Ä—à—Ä—É—Ç–∏–∑–∞—Ç–æ—Ä –±–µ—Å–ø—Ä–æ–≤–æ–¥–Ω–æ–π Archer MR400 AC1200 10 100BASE-TX‚Ä¶,8745.0,TP-Link,21,3,48
64734332,"–ö–æ–º–º—É—Ç–∞—Ç–æ—Ä TL-SG105, 5 –ø–æ—Ä—Ç–æ–≤",1488.0,TP-Link,28,5,22
64736771,–ê–¥–∞–ø—Ç–µ—Ä USB TL-WN725N,780.0,TP-Link,20,5,7
89138476,–ú–∞—Ä—à—Ä—É—Ç–∏–∑–∞—Ç–æ—Ä Deco M5 (DECO M5(3-PACK),18670.0,TP-Link,24,0,77
89135898,–ö–æ–º–º—É—Ç–∞—Ç–æ—Ä TL-SG108E 8G —É–ø—Ä–∞–≤–ª—è–µ–º—ã–π,3461.0,TP-Link,18,5,25
64736768,–ê–¥–∞–ø—Ç–µ—Ä USB TL-WN822N,1323.0,TP-Link,18,5,13
89139313,–ú–∞—Ä—à—Ä—É—Ç–∏–∑–∞—Ç–æ—Ä –±–µ—Å–ø—Ä–æ–≤–æ–¥–Ω–æ–π TL-MR6400 N300 10 100BASE-TX 4G,7205.0,TP-Link,20,5,46
89131753,–ö–æ–º–º—É—Ç–∞—Ç–æ—Ä LS1005G 5G –Ω–µ—É–ø—Ä–∞–≤–ª—è–µ–º—ã–π,1271.0,TP-Link,18,5,9
89131925,–ö–æ–º–º—É—Ç–∞—Ç–æ—Ä LS105G 5G –Ω–µ—É–ø—Ä–∞–≤–ª—è–µ–º—ã–π,1580.0,TP-Link,19,5,14
38285090,"Wi-Fi —Ä–æ—É—Ç–µ—Ä Archer C80, —á–µ—Ä–Ω—ã–π",4891.0,TP-Link,0,5,81
78300508,–ö–æ–º–º—É—Ç–∞—Ç–æ—Ä –Ω–µ—É–ø—Ä–∞–≤–ª—è–µ–º—ã–π 5-–ø–æ—Ä—Ç–æ–≤—ã–π –≥–∏–≥–∞–±–∏—Ç–Ω—ã–π –Ω–∞—Å—Ç–æ–ª—å–Ω—ã–π –∫–æ‚Ä¶,1698.0,TP-Link,28,5,19
89134279,–ö–æ–º–º—É—Ç–∞—Ç–æ—Ä TL-SF1024D 24x100Mb –Ω–µ—É–ø—Ä–∞–≤–ª—è–µ–º—ã–π,4858.0,TP-Link,30,5,80
89145266,–†–æ—É—Ç–µ—Ä –±–µ—Å–ø—Ä–æ–≤–æ–¥–Ω–æ–π TL-MR150 N300 10 100BASE-TX 4G cat.4,6186.0,TP-Link,24,5,40
89132011,"–ö–æ–º–º—É—Ç–∞—Ç–æ—Ä TL-SF1005D, 5 –ø–æ—Ä—Ç–æ–≤, Ethernet 10 100 –ú–±–∏—Ç —Å–µ–∫",1015.0,TP-Link,28,0,22
152998288,–ú–∞—Ä—à—Ä—É—Ç–∏–∑–∞—Ç–æ—Ä –±–µ—Å–ø—Ä–æ–≤–æ–¥–Ω–æ–π M7200 N300 3G 4G —á–µ—Ä–Ω—ã–π,4447.0,TP-Link,22,0,8
89131836,–ö–æ–º–º—É—Ç–∞—Ç–æ—Ä LS1008 8x100Mb –Ω–µ—É–ø—Ä–∞–≤–ª—è–µ–º—ã–π,1116.0,TP-Link,28,5,11
64904923,–ë–µ—Å–ø—Ä–æ–≤–æ–¥–Ω–æ–π –º–∞—Ä—à—Ä—É—Ç–∏–∑–∞—Ç–æ—Ä TL-MR3020 N300 3G 4G,2193.0,TP-Link,18,5,12
89142578,–†–µ—Å–∏–≤–µ—Ä Bluetooth HA100 —á–µ—Ä–Ω—ã–π 1.0 BT,2304.0,TP-Link,18,5,8
64734336,"–ö–æ–º–º—É—Ç–∞—Ç–æ—Ä TL-SG1005D, 5 –ø–æ—Ä—Ç–æ–≤",1320.0,TP-Link,20,5,16
89144937,"–†–æ—É—Ç–µ—Ä –±–µ—Å–ø—Ä–æ–≤–æ–¥–Ω–æ–π Archer AX73 AX5400, 2,4 5 –ì–ì—Ü",12637.0,TP-Link,18,5,21
89150950,–°–µ—Ç–µ–≤–æ–π –∞–¥–∞–ø—Ç–µ—Ä WiFi Archer T3U USB 3.0,2011.0,TP-Link,21,4,5
89135564,–ö–æ–º–º—É—Ç–∞—Ç–æ—Ä TL-SG1016D 16G –Ω–µ—É–ø—Ä–∞–≤–ª—è–µ–º—ã–π,5145.0,TP-Link,26,5,80
89136714,–ö–æ–º–º—É—Ç–∞—Ç–æ—Ä TL-SG116,5121.0,TP-Link,18,5,50
89147455,–°–µ—Ç–µ–≤–æ–π –∞–¥–∞–ø—Ç–µ—Ä Ethernet UE200 USB 2.0,985.0,TP-Link,18,5,3
89146334,–°–µ—Ç–µ–≤–æ–π –∞–¥–∞–ø—Ç–µ—Ä Bluetooth UB400 USB 2.0,985.0,TP-Link,18,5,4
64734333,"–ö–æ–º–º—É—Ç–∞—Ç–æ—Ä TL-SF1016D, 16 –ø–æ—Ä—Ç–æ–≤",2973.0,TP-Link,26,5,47
89144796,–†–æ—É—Ç–µ—Ä –±–µ—Å–ø—Ä–æ–≤–æ–¥–Ω–æ–π Archer AX55 AX3000 10 100 1000BASE-TX,8614.0,TP-Link,18,5,63
143298132,–ö–∞–º–µ—Ä–∞ –≤–∏–¥–µ–æ–Ω–∞–±–ª—é–¥–µ–Ω–∏—è Vigi C340 4mm(UN) Ver 1.0,5990.0,TP-Link,0,0,34
112550465,–î–≤—É—Ö–¥–∏–∞–ø–∞–∑–æ–Ω–Ω—ã–π Wi-Fi —Ä–æ—É—Ç–µ—Ä,5230.0,TP-Link,0,5,76
64736767,–ê–¥–∞–ø—Ç–µ—Ä USB TL-WN821N,899.0,TP-Link,18,5,13
89135697,–ö–æ–º–º—É—Ç–∞—Ç–æ—Ä TL-SG105PE 5G 4PoE+ 65W —É–ø—Ä–∞–≤–ª—è–µ–º—ã–π,4526.0,TP-Link,27,0,31
64733820,–ú–∞—Ä—à—Ä—É—Ç–∏–∑–∞—Ç–æ—Ä –±–µ—Å–ø—Ä–æ–≤–æ–¥–Ω–æ–π TL-WR940N,2490.0,TP-Link,25,4,55
89144441,–†–æ—É—Ç–µ—Ä –±–µ—Å–ø—Ä–æ–≤–æ–¥–Ω–æ–π Archer AX10 AX1500 10 100 1000BASE-TX,5217.0,TP-Link,14,5,63
89135261,–ö–æ–º–º—É—Ç–∞—Ç–æ—Ä TL-SG1008D 8G –Ω–µ—É–ø—Ä–∞–≤–ª—è–µ–º—ã–π,1896.0,TP-Link,20,0,33
64733821,–ú–∞—Ä—à—Ä—É—Ç–∏–∑–∞—Ç–æ—Ä –±–µ—Å–ø—Ä–æ–≤–æ–¥–Ω–æ–π TL-WR842N,2577.0,TP-Link,18,5,52
73105410,USB-–∫–æ–Ω—Ü–µ–Ω—Ç—Ä–∞—Ç–æ—Ä UH700,3898.0,TP-Link,0,0,23
110007714,–°–µ—Ç–µ–≤–æ–π –∞–¥–∞–ø—Ç–µ—Ä WiFi Archer T2U Plus USB 2.0,1515.0,TP-Link,22,4,12
146415880,–ë–µ—Å–ø—Ä–æ–≤–æ–¥–Ω–æ–π –º–∞—Ä—à—Ä—É—Ç–∏–∑–∞—Ç–æ—Ä TL-WR820N N300 –±–µ–ª—ã–π,1500.0,TP-Link,0,0,14
110004014,–°–µ—Ç–µ–≤–æ–π –∞–¥–∞–ø—Ç–µ—Ä WiFi Archer T4U Plus AC1300 USB 3.0,3097.0,TP-Link,21,4,12
80995286,–°–µ—Ç–µ–≤–æ–π –∞–¥–∞–ø—Ç–µ—Ä WiFi TL-WN821N N300 USB 2.0 (–∞–Ω—Ç.–≤–Ω—É—Ç—Ä.),840.0,TP-Link,41,5,2
89141158,–ü–æ–≤—Ç–æ—Ä–∏—Ç–µ–ª—å –±–µ—Å–ø—Ä–æ–≤–æ–¥–Ω–æ–≥–æ —Å–∏–≥–Ω–∞–ª–∞ RE450 AC1750 10 100 1000BA‚Ä¶,5423.0,TP-Link,28,5,19
89128765,Mesh —Ä–æ—É—Ç–µ—Ä Deco P9 DECO P9(2-PACK),14649.0,TP-Link,24,5,112
89149260,–°–µ—Ç–µ–≤–æ–π –∞–¥–∞–ø—Ç–µ—Ä WiFi Archer T2U NANO USB 2.0,1348.0,TP-Link,18,4,7
110004183,–°–µ—Ç–µ–≤–æ–π –∞–¥–∞–ø—Ç–µ—Ä WiFi Archer T9UH USB 3.0,3889.0,TP-Link,21,5,24
110004829,–°–µ—Ç–µ–≤–æ–π –∞–¥–∞–ø—Ç–µ—Ä WiFi TL-WN881ND PCI Express x1,1291.0,TP-Link,20,4,11
89132081,–ö–æ–º–º—É—Ç–∞—Ç–æ—Ä TL-SF1006P 6x100Mb 4PoE+ 67W –Ω–µ—É–ø—Ä–∞–≤–ª—è–µ–º—ã–π,3717.0,TP-Link,25,0,30
134336087,"Wi-Fi —Ä–æ—É—Ç–µ—Ä TL-MR150, —á–µ—Ä–Ω—ã–π",6869.0,TP-Link,12,5,53
89147733,–°–µ—Ç–µ–≤–æ–π –∞–¥–∞–ø—Ç–µ—Ä Gigabit Ethernet TG-3468 PCI Express,1018.0,TP-Link,18,4,7
154036872,–°–µ—Ç–µ–≤–æ–π –∞–¥–∞–ø—Ç–µ—Ä WiFi Archer T2U NANO AC600 USB 2.0,1473.0,TP-Link,15,0,12
89141837,–ü–æ–≤—Ç–æ—Ä–∏—Ç–µ–ª—å –±–µ—Å–ø—Ä–æ–≤–æ–¥–Ω–æ–≥–æ —Å–∏–≥–Ω–∞–ª–∞ RE505X AX1500 10 100 1000B‚Ä¶,6247.0,TP-Link,28,4,23
64893697,–ê–¥–∞–ø—Ç–µ—Ä USB Archer T2U,1357.0,TP-Link,18,0,6
80995278,–°–µ—Ç–µ–≤–æ–π –∞–¥–∞–ø—Ç–µ—Ä WiFi Archer T2U AC600 USB 2.0,1630.0,TP-Link,22,0,2
110407186,–¢–æ—á–∫–∞ –¥–æ—Å—Ç—É–ø–∞ TL-WA801N,2440.0,TP-Link,0,0,56
89133714,"–ö–æ–º–º—É—Ç–∞—Ç–æ—Ä TL-SF1024, 24 –ø–æ—Ä—Ç–∞ RJ45 10 100 –ú–±–∏—Ç —Å",5918.0,TP-Link,28,0,106
148973640,–†–æ—É—Ç–µ—Ä –±–µ—Å–ø—Ä–æ–≤–æ–¥–Ω–æ–π TL-WR841N N300 10 100BASE-TX,2200.0,TP-Link,80,1,55
33149406,"Wi-Fi —Ä–æ—É—Ç–µ—Ä TL-WR840N, –±–µ–ª—ã–π",2224.0,TP-Link,0,0,46
113035299,–†–æ—É—Ç–µ—Ä WiFi M7200 LTE-Advanced,5320.0,TP-Link,0,5,8
89129803,"Mesh —Ä–æ—É—Ç–µ—Ä Deco X60 (3-Pack) 2.4, 5 –ì–ì—Ü Mu-Mimo",38465.0,TP-Link,26,0,135
64733813,–†–æ—É—Ç–µ—Ä –±–µ—Å—à–æ–≤–Ω—ã–π Mesh Deco E4,7817.0,TP-Link,24,0,102
89128250,Mesh —Ä–æ—É—Ç–µ—Ä Deco M4 DECO M4(3-PACK),16125.0,TP-Link,28,0,118
89135417,–ö–æ–º–º—É—Ç–∞—Ç–æ—Ä TL-SG1008MP 8G 8PoE+ 126W –Ω–µ—É–ø—Ä–∞–≤–ª—è–µ–º—ã–π,8591.0,TP-Link,29,4,96
89128348,Mesh —Ä–æ—É—Ç–µ—Ä Deco M5 DECO M5(2-PACK),13582.0,TP-Link,25,5,63
89135157,–ö–æ–º–º—É—Ç–∞—Ç–æ—Ä TL-SG1005P 5G 4PoE 56W –Ω–µ—É–ø—Ä–∞–≤–ª—è–µ–º—ã–π,3917.0,TP-Link,26,0,31
89136035,–ö–æ–º–º—É—Ç–∞—Ç–æ—Ä–∏ TL-SG108PE 8G 4PoE 55W,6609.0,TP-Link,28,0,27
110006557,–¢–æ—á–∫–∞ –¥–æ—Å—Ç—É–ø–∞ TL-WA801N,2022.0,TP-Link,17,0,57
80989458,–†–æ—É—Ç–µ—Ä –±–µ—Å–ø—Ä–æ–≤–æ–¥–Ω–æ–π Archer AX73 10 100 1000BASE-TX,14630.0,TP-Link,20,0,62
105207257,–ö–æ–º–º—É—Ç–∞—Ç–æ—Ä TL-SF1005D,1331.0,TP-Link,0,0,15
89142328,–°–µ—Ç–µ–≤–æ–π –∞–¥–∞–ø—Ç–µ—Ä UE300C,1838.0,TP-Link,26,0,3
80970881,–ö–æ–º–º—É—Ç–∞—Ç–æ—Ä –Ω–µ—É–ø—Ä–∞–≤–ª—è–µ–º—ã–π LS1008G,1680.0,TP-Link,49,0,6
133550065,"–¢–æ—á–∫–∞ –¥–æ—Å—Ç—É–ø–∞ EAP245(5-pack), –±–µ–ª—ã–π",57170.0,TP-Link,36,0,204
137654788,–ö–æ–º–º—É—Ç–∞—Ç–æ—Ä JetStream 48-–ø–æ—Ä—Ç–æ–≤—ã–π (TL-SG3452),48670.0,TP-Link,0,0,202
79532448,"–ë–µ—Å—à–æ–≤–Ω—ã–π Mesh —Ä–æ—É—Ç–µ—Ä Deco X60(2-Pack), AX3000, –±–µ–ª—ã–π",33730.0,TP-Link,0,0,150
89144843,–†–æ—É—Ç–µ—Ä –±–µ—Å–ø—Ä–æ–≤–æ–¥–Ω–æ–π Archer AX6000,27758.0,TP-Link,26,0,139
89136855,–ö–æ–º–º—É—Ç–∞—Ç–æ—ÄTL-SG2210MP 8G 2SFP 8PoE+ 150W,22854.0,TP-Link,29,0,82
150836783,Wi-Fi —Ç–æ—á–∫–∞ –¥–æ—Å—Ç—É–ø–∞ CPE510,5910.0,TP-Link,0,0,23
78788434,"–°–µ—Ç–µ–≤–æ–π –∞–¥–∞–ø—Ç–µ—Ä HomePlug AV TL-PA4010PKIT Ethernet, —à—Ç",5646.0,TP-Link,0,0,38
79986126,–ì–∏–≥–∞–±–∏—Ç–Ω—ã–π Ethernet –º–µ–¥–∏–∞–∫–æ–Ω–≤–µ—Ä—Ç–µ—Ä,5600.0,TP-Link,0,0,11
75438023,"–ö–æ–º–º—É—Ç–∞—Ç–æ—Ä TL-SF1016DS 16x100Mb –Ω–µ—É–ø—Ä–∞–≤–ª—è–µ–º—ã–π, —à—Ç",5321.0,TP-Link,0,0,104
110005795,–ü–æ—Ç–æ–ª–æ—á–Ω–∞—è —Ç–æ—á–∫–∞ –¥–æ—Å—Ç—É–ø–∞ Wi-Fi EAP115 N300,3642.0,TP-Link,32,0,48
89134437,–ö–æ–º–º—É—Ç–∞—Ç–æ—Ä TL-SG1005LP 5G 4PoE+ 40W,3592.0,TP-Link,28,0,36
68607765,–°–µ—Ç–µ–≤–æ–π –∞–¥–∞–ø—Ç–µ—Ä WiFi Archer T2U AC600 USB 2.0,2313.0,TP-Link,0,0,2
65907425,–†–æ—É—Ç–µ—Ä—ã Archer C24,1920.0,TP-Link,0,4,52
131076159,–ö–∞–º–µ—Ä–∞ –≤–∏–¥–µ–æ–Ω–∞–±–ª—é–¥–µ–Ω–∏—è IP Tapo C310,5060.0,TP-Link,41,5,95
89145756,–†–æ—É—Ç–µ—Ä –±–µ—Å–ø—Ä–æ–≤–æ–¥–Ω–æ–π –¥–≤—É—Ö–¥–∏–∞–ø–∞–∑–æ–Ω–Ω—ã–π Archer AX50 AX3000 10 10‚Ä¶,6018.0,TP-Link,26,2,61
79532452,–ü–æ–≤—Ç–æ—Ä–∏—Ç–µ–ª—å –±–µ—Å–ø—Ä–æ–≤–æ–¥–Ω–æ–≥–æ —Å–∏–≥–Ω–∞–ª–∞,1660.0,TP-Link,0,5,18
76159735,Wi-Fi-–∞–¥–∞–ø—Ç–µ—Ä—ã TL-WA850RE,1760.0,TP-Link,0,5,16
123780277,5-–ø–æ—Ä—Ç–æ–≤—ã–π –∫–æ–º–º—É—Ç–∞—Ç–æ—Ä TL-SG105,1399.0,TP-Link,0,0,22
123825846,"Wi-Fi —Ä–æ—É—Ç–µ—Ä TL-WR841N, N300",1899.0,TP-Link,0,0,25
113970664,–ö–æ–º–º—É—Ç–∞—Ç–æ—Ä—ã LS1005G 5G,1204.0,TP-Link,0,5,14
123724598,Wi-Fi –£—Å–∏–ª–∏—Ç–µ–ª—å TL-WA850RE,1799.0,TP-Link,0,0,16
97186085,–ì–∏–≥–∞–±–∏—Ç–Ω—ã–π Wi‚ÄëFi 6 —Ä–æ—É—Ç–µ—Ä Archer AX73,12999.0,TP-Link,0,5,102
123811567,"Wi‚ÄëFi —Ä–æ—É—Ç–µ—Ä Archer AX55, AX3000",8999.0,TP-Link,0,5,48
151208752,–£–ª–∏—á–Ω–∞—è Wi-Fi IP-–∫–∞–º–µ—Ä–∞ Tapo C320WS,6830.0,TP-Link,0,0,40
162033989,–†–æ—É—Ç–µ—Ä –¥–ª—è –∏–Ω—Ç–µ—Ä–Ω–µ—Ç–∞ –≤–∞–π—Ñ–∞–π wi fi Archer AX90 AX6600,34395.0,TP-Link,57,0,215
123728869,Wi-Fi USB-–∞–¥–∞–ø—Ç–µ—Ä TL-WN823N,999.0,TP-Link,0,5,14
80995277,–°–µ—Ç–µ–≤–æ–π –∞–¥–∞–ø—Ç–µ—Ä WiFi Archer T4E AC1200 PCI Express (–∞–Ω—Ç.–≤–Ω–µ—à‚Ä¶,2650.0,TP-Link,25,0,19
63103867,"Wi-Fi —Ä–æ—É—Ç–µ—Ä AX6000, —á–µ—Ä–Ω—ã–π (ARCHER AX6000)",32540.0,TP-Link,0,0,144
76159707,Wi-Fi-–∞–¥–∞–ø—Ç–µ—Ä—ã TL-WA860RE,2121.0,TP-Link,0,4,16
79530886,Wi-Fi MESH —Å–∏—Å—Ç–µ–º–∞ Deco X60 (3 —à—Ç),44790.0,TP-Link,0,0,23
63103869,"Wi-Fi —Ä–æ—É—Ç–µ—Ä AX1500, —á–µ—Ä–Ω—ã–π (ARCHER AX10)",5130.0,TP-Link,0,5,68
99839689,–†–æ—É—Ç–µ—Ä TL-MR150 Black,5290.0,TP-Link,0,5,30
133030599,"Wi-Fi —Ä–æ—É—Ç–µ—Ä Archer C64, —á–µ—Ä–Ω—ã–π",3686.0,TP-Link,12,5,46
85484349,Wi-Fi —Ä–æ—É—Ç–µ—Ä –¥–≤—É—Ö–¥–∏–∞–ø–∞–∑–æ–Ω–Ω—ã–π Archer A5,3440.0,TP-Link,0,5,26
110719168,"–ö–∞–º–µ—Ä–∞ –≤–∏–¥–µ–æ–Ω–∞–±–ª—é–¥–µ–Ω–∏—è, Wi-Fi –∫–∞–º–µ—Ä–∞ Tapo C210",3840.0,TP-Link,0,4,23
74498745,–¢–æ—á–∫–∞ –¥–æ—Å—Ç—É–ø–∞ CPE510 N300 10 100BASE-TX –±–µ–ª—ã–π,6362.0,TP-Link,0,5,50
43532645,–ú–∞—Ä—à—Ä—É—Ç–∏–∑–∞—Ç–æ—Ä –±–µ—Å–ø—Ä–æ–≤–æ–¥–Ω–æ–π Archer C6,4380.0,TP-Link,12,4,65
110407175,Mesh —Å–∏—Å—Ç–µ–º–∞ Deco E4 (3-PACK) –±–µ–ª—ã–π,12910.0,TP-Link,0,0,147
53878455,MR150 3G 4G Wi-Fi —Ä–æ—É—Ç–µ—Ä,8201.0,TP-Link,0,0,34
53390609,–ë–µ—Å–ø—Ä–æ–≤–æ–¥–Ω–æ–π Wi-Fi —Ä–æ—É—Ç–µ—Ä MR150,8101.0,TP-Link,0,0,34
90395050,Wi-Fi —Ä–æ—É—Ç–µ—Ä TL-MR150 V2,7998.0,TP-Link,0,0,7
79745233,"–ë–µ—Å—à–æ–≤–Ω—ã–π Mesh —Ä–æ—É—Ç–µ—Ä DECO X20(2-PACK), AX1800, –±–µ–ª—ã–π",20250.0,TP-Link,0,0,120
81429797,–ü–æ–≤—Ç–æ—Ä–∏—Ç–µ–ª—å –±–µ—Å–ø—Ä–æ–≤–æ–¥–Ω–æ–≥–æ —Å–∏–≥–Ω–∞–ª–∞ TL-WA854RE N300 Wi-Fi –±–µ–ª—ã‚Ä¶,1360.0,TP-Link,45,5,15
80989469,"–ú–∞—Ä—à—Ä—É—Ç–∏–∑–∞—Ç–æ—Ä –±–µ—Å–ø—Ä–æ–≤–æ–¥–Ω–æ–π TL-WR841N, –±–µ–ª—ã–π",2340.0,TP-Link,19,5,33
145904580,–ë–µ—Å–ø—Ä–æ–≤–æ–¥–Ω–æ–π —Ä–æ—É—Ç–µ—Ä ARCHER AX53,6730.0,TP-Link,19,5,63
44468113,–†–æ—É—Ç–µ—Ä,2451.0,TP-Link,12,5,39
63103872,"Wi-Fi —Ä–æ—É—Ç–µ—Ä AX5400, —á–µ—Ä–Ω—ã–π (ARCHER AX73)",12040.0,TP-Link,0,5,111
159005468,–†–æ—É—Ç–µ—Ä EC220-F5 Wi-Fi White,2190.0,TP-Link,0,5,16
44468138,–†–æ—É—Ç–µ—Ä,4099.0,TP-Link,12,5,84
123126119,–†–æ—É—Ç–µ—Ä TL-WR841N White,1790.0,TP-Link,0,0,1
109151273,–£—Å–∏–ª–∏—Ç–µ–ª—å —Å–∏–≥–Ω–∞–ª–∞ Wi-Fi White,2090.0,TP-Link,0,5,60
78788481,–°–µ—Ç–µ–≤–æ–π –∞–¥–∞–ø—Ç–µ—Ä WiFi Archer T9UH USB 3.0 (–∞–Ω—Ç.–≤–Ω—É—Ç—Ä.) 4–∞–Ω—Ç‚Ä¶,4786.0,TP-Link,0,5,43
80989460,–†–æ—É—Ç–µ—Ä –±–µ—Å–ø—Ä–æ–≤–æ–¥–Ω–æ–π Archer C64 10 100 1000BASE-TX,4090.0,TP-Link,17,4,18
81429798,–ü–æ–≤—Ç–æ—Ä–∏—Ç–µ–ª—å –±–µ—Å–ø—Ä–æ–≤–æ–¥–Ω–æ–≥–æ —Å–∏–≥–Ω–∞–ª–∞ TL-WA855RE N300 10 100BASE‚Ä¶,1970.0,TP-Link,18,5,5
80995289,–°–µ—Ç–µ–≤–æ–π –∞–¥–∞–ø—Ç–µ—Ä WiFi TL-WN722N N150 USB 2.0 (–∞–Ω—Ç.–≤–Ω–µ—à.—Å—ä–µ–º)‚Ä¶,930.0,TP-Link,45,5,2
99916691,4G Wi-Fi-—Ä–æ—É—Ç–µ—Ä M7200 Black,4099.0,TP-Link,0,0,7
78788516,–°–µ—Ç–µ–≤–æ–π –∞–¥–∞–ø—Ç–µ—Ä WiFi TL-WN881ND PCI Express x1 (–∞–Ω—Ç.–≤–Ω–µ—à.—Å—ä–µ‚Ä¶,1561.0,TP-Link,0,5,18
44468025,–†–æ—É—Ç–µ—Ä,13199.0,TP-Link,12,5,43
122823930,–†–æ—É—Ç–µ—Ä TL-WR842N White,2309.0,TP-Link,0,5,6
133543528,–£–º–Ω–∞—è —Ä–æ–∑–µ—Ç–∫–∞ Tapo P100(1-pack) –±–µ–ª—ã–π,1080.0,TP-Link,32,5,4
133533394,–°–µ—Ç–µ–≤–æ–π –∞–¥–∞–ø—Ç–µ—Ä Powerline TL-PA4010P,5050.0,TP-Link,19,5,27
134336099,"Wi-Fi —Ä–æ—É—Ç–µ—Ä Archer C80, —á–µ—Ä–Ω—ã–π",4623.0,TP-Link,12,5,67
78788568,–°–µ—Ç–µ–≤–æ–π –∞–¥–∞–ø—Ç–µ—Ä WiFi TL-WN722N USB 2.0 (–∞–Ω—Ç.–≤–Ω–µ—à.—Å—ä–µ–º) 1–∞–Ω—Ç‚Ä¶,1163.0,TP-Link,0,5,21
148306059,–°–µ—Ç–µ–≤–æ–π –∞–¥–∞–ø—Ç–µ—Ä WiFi TL-WN727N N150 USB 2.0,682.0,TP-Link,38,5,13
63103862,Wi-Fi —Ä–æ—É—Ç–µ—Ä –±–µ–ª—ã–π (TL-WR841N),2570.0,TP-Link,0,5,121
134336108,"Wi-Fi —Ä–æ—É—Ç–µ—Ä Archer AX55, —á–µ—Ä–Ω—ã–π",8918.0,TP-Link,12,5,55
119147608,–£–º–Ω–∞—è –∫–∞–º–µ—Ä–∞ Tapo TC70 White,3290.0,TP-Link,0,0,34
133508937,"–ü–æ–≤—Ç–æ—Ä–∏—Ç–µ–ª—å –±–µ—Å–ø—Ä–æ–≤–æ–¥–Ω–æ–≥–æ —Å–∏–≥–Ω–∞–ª–∞ RE305, –±–µ–ª—ã–π",4540.0,TP-Link,19,5,16
134336104,"Wi-Fi —Ä–æ—É—Ç–µ—Ä Archer C20 (RU), –±–µ–ª—ã–π —Å–∏–Ω–∏–π",3202.0,TP-Link,12,5,58
81434273,–ö–æ–º–º—É—Ç–∞—Ç–æ—Ä –Ω–µ—É–ø—Ä–∞–≤–ª—è–µ–º—ã–π LS1005G,1160.0,TP-Link,27,5,2
152090958,–†–æ—É—Ç–µ—Ä EC225-G5 Wi-Fi Black,3179.0,TP-Link,0,0,9
119143711,–†–æ—É—Ç–µ—Ä Archer AX55 Black,8290.0,TP-Link,0,5,38
108700292,–£—Å–∏–ª–∏—Ç–µ–ª—å —Å–∏–≥–Ω–∞–ª–∞ Wi-Fi White,1690.0,TP-Link,0,5,4
75437864,"–ö–æ–º–º—É—Ç–∞—Ç–æ—Ä TL-SF1005D 5x100Mb –Ω–µ—É–ø—Ä–∞–≤–ª—è–µ–º—ã–π, —à—Ç",1190.0,TP-Link,0,0,3
83997991,–°–µ—Ç–µ–≤–æ–π –∞–¥–∞–ø—Ç–µ—Ä Archer T2U Nano,1190.0,TP-Link,0,5,8
80970883,–ö–æ–º–º—É—Ç–∞—Ç–æ—Ä –Ω–µ—É–ø—Ä–∞–≤–ª—è–µ–º—ã–π TL-SF1008D,1050.0,TP-Link,61,0,8
124697549,–£—Å–∏–ª–∏—Ç–µ–ª—å —Å–∏–≥–Ω–∞–ª–∞ RE505X Wi-Fi,5590.0,TP-Link,0,1,4
80995280,–°–µ—Ç–µ–≤–æ–π –∞–¥–∞–ø—Ç–µ—Ä WiFi TL-WN881ND N300 PCI Express (–∞–Ω—Ç.–≤–Ω–µ—à.—Å‚Ä¶,1280.0,TP-Link,42,5,5
74498771,"–†–æ—É—Ç–µ—Ä –±–µ—Å–ø—Ä–æ–≤–æ–¥–Ω–æ–π TD-W8961N N300 ADSL –±–µ–ª—ã–π, —à—Ç",2696.0,TP-Link,0,5,58
148304165,–°–µ—Ç–µ–≤–æ–π –∞–¥–∞–ø—Ç–µ—Ä WiFi TL-WN725N N150 USB 2.0,804.0,TP-Link,33,5,15
74498806,"Wi-Fi —Ä–æ—É—Ç–µ—Ä Archer C24, –±–µ–ª—ã–π",2792.0,TP-Link,0,5,54
80995283,–°–µ—Ç–µ–≤–æ–π –∞–¥–∞–ø—Ç–µ—Ä WiFi TL-WN727N N150 USB 2.0 (–∞–Ω—Ç.–≤–Ω—É—Ç—Ä.),580.0,TP-Link,50,5,2
122403898,–£–º–Ω–∞—è –∫–∞–º–µ—Ä–∞ Tapo TC60 White,2490.0,TP-Link,0,5,3
130918537,–°–µ—Ç–µ–≤–æ–π –∞–¥–∞–ø—Ç–µ—Ä Bluetooth UB400,890.0,TP-Link,52,5,3
78788459,–ú–µ–¥–∏–∞–∫–æ–Ω–≤–µ—Ä—Ç–µ—Ä MC111CS 10 100Mbit s RJ45,4953.0,TP-Link,0,0,32
80995288,–°–µ—Ç–µ–≤–æ–π –∞–¥–∞–ø—Ç–µ—Ä WiFi Archer T2U Plus AC600 USB 2.0 (–∞–Ω—Ç.–≤–Ω–µ—à‚Ä¶,1860.0,TP-Link,22,5,6
78788425,AV1000 Gigabit Powerline Starter KitSPEED 1000 Mbps Powerlin‚Ä¶,5039.0,TP-Link,0,0,35
133533427,–†–æ—É—Ç–µ—Ä –±–µ—Å–ø—Ä–æ–≤–æ–¥–Ω–æ–π Archer C50,3750.0,TP-Link,19,5,551
66659067,–£–º–Ω–∞—è –¥–∏–º–º–∏—Ä—É–µ–º–∞—è Wi-Fi –ª–∞–º–ø–∞ (TAPO L520E),1240.0,TP-Link,0,5,8
159692585,USB –∫–æ–Ω—Ü–µ—Ç—Ä–∞—Ç–æ—Ä UH720 7-–ø–æ—Ä—Ç –∫–æ–Ω—Ü–µ–Ω—Ç—ÄUSB3.0 —Å 2 –ø–æ—Ä—Ç,4130.0,TP-Link,0,0,28
148266117,–ö–æ–º–º—É—Ç–∞—Ç–æ—Ä LS1008G 8G –Ω–µ—É–ø—Ä–∞–≤–ª—è–µ–º—ã–π,2013.0,TP-Link,34,0,15
130921881,–°–µ—Ç–µ–≤–æ–π –∞–¥–∞–ø—Ç–µ—Ä WiFi TL-WN823N,1000.0,TP-Link,22,5,6
78788471,"–°–µ—Ç–µ–≤–æ–π –∞–¥–∞–ø—Ç–µ—Ä WiFi TL-WN823N USB 2.0 (–∞–Ω—Ç.–≤–Ω—É—Ç—Ä.), —à—Ç",1205.0,TP-Link,0,5,7
133511919,"–ü–æ–≤—Ç–æ—Ä–∏—Ç–µ–ª—å –±–µ—Å–ø—Ä–æ–≤–æ–¥–Ω–æ–≥–æ —Å–∏–≥–Ω–∞–ª–∞ TL-WA860RE, –±–µ–ª—ã–π",2520.0,TP-Link,25,5,17
99867563,4G Wi-Fi-—Ä–æ—É—Ç–µ—Ä M7350 Black,5190.0,TP-Link,0,5,7
74498909,Wi-Fi —Ä–æ—É—Ç–µ—Ä Archer C80,5157.0,TP-Link,0,5,81
72833958,–°–µ—Ç–µ–≤–æ–π –∞–¥–∞–ø—Ç–µ—Ä Bluetooth UB500 USB 2.0 (–∞–Ω—Ç.–≤–Ω—É—Ç—Ä.),1317.0,TP-Link,0,4,5
110407190,–†–æ—É—Ç–µ—Ä DECO M4(1-PACK),7810.0,TP-Link,0,0,225
113035287,"Wi-Fi —Ä–æ—É—Ç–µ—Ä, –±–µ–ª—ã–π",2860.0,TP-Link,0,5,44
133533412,–ë–µ—Å—à–æ–≤–Ω—ã–π Mesh —Ä–æ—É—Ç–µ—Ä Deco S4,19994.0,TP-Link,0,5,118
78788501,–°–µ—Ç–µ–≤–æ–π –∞–¥–∞–ø—Ç–µ—Ä WiFi Archer T2U Plus USB 2.0 (–∞–Ω—Ç.–≤–Ω–µ—à.–Ω–µ—Å—ä–µ‚Ä¶,2152.0,TP-Link,0,5,21
117800017,"–í–∏–¥–µ–æ–∫–∞–º–µ—Ä–∞ IP Tapo C100 3.3-3.3–º–º, –≤–∏–¥–µ–æ–Ω—è–Ω—è",3396.0,TP-Link,10,0,22
78788487,"–°–µ—Ç–µ–≤–æ–π –∞–¥–∞–ø—Ç–µ—Ä Gigabit Ethernet UE300 USB 3.0, —à—Ç",2093.0,TP-Link,0,5,5
80995291,–°–µ—Ç–µ–≤–æ–π –∞–¥–∞–ø—Ç–µ—Ä WiFi TL-WN781ND N150 PCI Express (–∞–Ω—Ç.–≤–Ω–µ—à.—Å‚Ä¶,1150.0,TP-Link,39,0,6
60290647,"–ö–æ–º–º—É—Ç–∞—Ç–æ—Ä TL-SG116, 16 –ø–æ—Ä—Ç–æ–≤",5510.0,TP-Link,0,5,5
80989462,–†–æ—É—Ç–µ—Ä –±–µ—Å–ø—Ä–æ–≤–æ–¥–Ω–æ–π TL-MR150 10 100BASE-TX 4G,7710.0,TP-Link,17,5,29
148302195,–°–µ—Ç–µ–≤–æ–π –∞–¥–∞–ø—Ç–µ—Ä Gigabit Ethernet TG-3468 PCI Express,1122.0,TP-Link,34,0,11
74498766,–†–æ—É—Ç–µ—Ä –±–µ—Å–ø—Ä–æ–≤–æ–¥–Ω–æ–π Archer C64 AC1200 10 100 1000BASE-TX —á–µ—Ä‚Ä¶,4408.0,TP-Link,0,5,62
139969508,–†–æ—É—Ç–µ—Ä TL-WR844N White,1599.0,TP-Link,0,0,1
74498797,"–†–æ—É—Ç–µ—Ä –±–µ—Å–ø—Ä–æ–≤–æ–¥–Ω–æ–π TL-WR841N N300 10 100BASE-TX –±–µ–ª—ã–π, —à—Ç",2560.0,TP-Link,0,4,61
79532458,Wi-Fi —Ä–æ—É—Ç–µ—Ä Archer MR200 –º–∞—Ä—à—Ä—É—Ç–∏–∑–∞—Ç–æ—Ä,8220.0,TP-Link,0,5,49
120863120,Wi-Fi —Ä–æ—É—Ç–µ—Ä Archer VR400 AC1200 —Å VDSL ADSL,6130.0,TP-Link,0,5,67
133030244,"Wi-Fi —Ä–æ—É—Ç–µ—Ä Archer MR200, —á–µ—Ä–Ω—ã–π",8360.0,TP-Link,12,0,46
74498852,–†–æ—É—Ç–µ—Ä –±–µ—Å–ø—Ä–æ–≤–æ–¥–Ω–æ–π Archer A5 AC1200 10 100BASE-TX –±–µ–ª—ã–π,3610.0,TP-Link,0,0,65
43532416,–ú–∞—Ä—à—Ä—É—Ç–∏–∑–∞—Ç–æ—Ä –±–µ—Å–ø—Ä–æ–≤–æ–¥–Ω–æ–π TL-MR3020,2330.0,TP-Link,12,1,10
137654768,–ö–æ–º–º—É—Ç–∞—Ç–æ—Ä 24-–ø–æ—Ä—Ç–æ–≤—ã–π (TL-SF1024M),4150.0,TP-Link,0,0,79
60290636,"–ö–æ–º–º—É—Ç–∞—Ç–æ—Ä 5 –ø–æ—Ä—Ç–æ–≤ 10 100M, –±–µ–ª—ã–π (TL-SF1005D)",1250.0,TP-Link,0,5,11
74498734,"–¢–æ—á–∫–∞ –¥–æ—Å—Ç—É–ø–∞ CPE210 N300 10 100BASE-TX –±–µ–ª—ã–π, —à—Ç",4663.0,TP-Link,0,1,49
113035297,Wi-Fi —Ä–æ—É—Ç–µ—Ä Archer C54 –î–≤—É—Ö–¥–∏–∞–ø–∞–∑–æ–Ω–Ω—ã–π,3180.0,TP-Link,0,0,46
148265595,–ö–æ–º–º—É—Ç–∞—Ç–æ—Ä LS1005G,952.0,TP-Link,44,0,3
145904961,–ë–µ—Å–ø—Ä–æ–≤–æ–¥–Ω–æ–π —Ä–æ—É—Ç–µ—Ä ARCHER AX10,5260.0,TP-Link,20,4,55
80989471,–†–æ—É—Ç–µ—Ä –±–µ—Å–ø—Ä–æ–≤–æ–¥–Ω–æ–π TL-WR840N 10 100BASE-TX,1930.0,TP-Link,20,5,28
120863121,–¢–æ—á–∫–∞ –¥–æ—Å—Ç—É–ø–∞ TL-WA1201 AC1200,4850.0,TP-Link,0,0,89
78788472,–°–µ—Ç–µ–≤–æ–π –∞–¥–∞–ø—Ç–µ—Ä WiFi TL-WN781ND PCI Express (–∞–Ω—Ç.–≤–Ω–µ—à.—Å—ä–µ–º)‚Ä¶,1418.0,TP-Link,0,0,18
79532445,–ü–æ–≤—Ç–æ—Ä–∏—Ç–µ–ª—å –±–µ—Å–ø—Ä–æ–≤–æ–¥–Ω–æ–≥–æ —Å–∏–≥–Ω–∞–ª–∞ RE305,4500.0,TP-Link,0,4,18
63103861,Wi-Fi —Ä–æ—É—Ç–µ—Ä —á–µ—Ä–Ω—ã–π (ARCHER C6U),5440.0,TP-Link,0,5,84
154076111,–ö–æ–º–º—É—Ç–∞—Ç–æ—Ä Easy Smart —Å 5 –≥–∏–≥–∞–±–∏—Ç–Ω—ã–º–∏ –ø–æ—Ä—Ç–∞–º–∏,2730.0,TP-Link,0,1,3
133533393,–ö–æ–º–º—É—Ç–∞—Ç–æ—Ä TL-SG1005D 5G –Ω–µ—É–ø—Ä–∞–≤–ª—è–µ–º—ã–π,1300.0,TP-Link,26,0,15
110407176,MESH-–∫–æ–º–ø–ª–µ–∫—Ç Deco M5 (DECO M5 (2-pack)),15230.0,TP-Link,0,0,14
79530887,–°–µ—Ç–µ–≤–æ–π –∞–¥–∞–ø—Ç–µ—Ä WiFi Archer T3U USB 3.0,2460.0,TP-Link,0,5,9
24710990,PoE –∏–Ω–∂–µ–∫—Ç–æ—Ä,1961.0,TP-Link,0,5,7
63103860,Wi-Fi —Ä–æ—É—Ç–µ—Ä AX1800 (ARCHER AX23),7150.0,TP-Link,0,5,68
133509779,"–ü–æ–≤—Ç–æ—Ä–∏—Ç–µ–ª—å –±–µ—Å–ø—Ä–æ–≤–æ–¥–Ω–æ–≥–æ —Å–∏–≥–Ω–∞–ª–∞ RE450, –±–µ–ª—ã–π",6230.0,TP-Link,28,0,23
152098521,–°–µ—Ç–µ–≤–æ–π –∞–¥–∞–ø—Ç–µ—Ä WiFi TL-WN822N USB 2.0,1590.0,TP-Link,0,0,13
